position,docid,date,court,title
1,1903086,1974-01-25,Union of India - Section,"Section 374 in The Code of <b>Criminal</b> Procedure, 1973"
2,760919,1974-01-25,Union of India - Section,"Section 2 in The Code of <b>Criminal</b> Procedure, 1973"
3,172610348,2018-03-28,Supreme Court of India,"Asian Resurfacing Of Road Agency P. Ltd. vs Central Bureau Of Investigation on 28 March, 2018"
4,1327342,2010-04-28,Supreme Court of India,"S. Khushboo vs Kanniammal & Anr on 28 April, 2010"
5,138575974,2011-12-07,Supreme Court of India,"State Of Punjab vs Davinder Pal Singh Bhullar & Ors.Etc on 7 December, 2011"
6,143202244,2020-10-29,Supreme Court of India,"Tofan Singh vs The State Of Tamil Nadu on 29 October, 2020"
7,1702971,2004-01-05,Supreme Court of India,"Union Of India And Anr vs S.B. Vohra And Ors on 5 January, 2004"
8,94860131,2019-02-22,Supreme Court of India,"The State Of Madhya Pradesh vs Dhruv Gurjar on 22 February, 2019"
9,100995424,2014-08-01,Supreme Court of India,"Dashrath Rupsingh Rathod vs State Of Maharashtra & Anr on 1 August, 2014"
10,47858029,2013-09-13,Supreme Court of India,"A.C. Narayanan vs State Of Maharashtra & Anr on 13 September, 2013"
11,84792457,2020-11-27,Supreme Court of India,"Arnab Manoranjan Goswami vs The State Of Maharashtra on 27 November, 2020"
12,174336697,2017-07-13,Supreme Court of India,"Girish Kumar Suneja vs Cbi on 13 July, 2017"
13,545301,1983-07-20,Supreme Court of India,"Machhi Singh And Others vs State Of Punjab on 20 July, 1983"
14,110957682,2003-12-16,Supreme Court of India,"People'S Union For Civil Liberties & Anr vs Union Of India on 16 December, 2003"
15,1718159,1996-07-12,Supreme Court of India,"C. Chenga Reddy And Ors vs State Of Andhra Pradesh on 12 July, 1996"
16,63817,2009-09-18,Supreme Court of India,"Jagdish vs State Of M.P on 18 September, 2009"
17,1361495,1954-12-14,Supreme Court of India,"H. N. Rishbud And Inder Singh vs The State Of Delhi(And Connected ... on 14 December, 1954"
18,742758,2009-02-11,Punjab-Haryana High Court,"Balraj Singh vs State Of Punjab on 11 February, 2009"
19,51738625,2013-03-21,Supreme Court of India,"Sanjay Dutt vs State Of Maharashtra Tr.Cbi,Bombay on 21 March, 2013"
20,176039345,2016-01-20,Supreme Court of India,"Vishal N Kalsaria vs Bank Of India & Ors on 20 January, 2016"
21,76417350,2014-09-04,Supreme Court of India,"State Of Nct Of Delhi vs Sanjay on 4 September, 2014"
22,193688640,2014-04-03,Supreme Court - Daily Orders,"Harshad Govardhan Sondagar vs Internl.Assets Reconstrn.Co.Ltd. on 3 April, 2014"
23,96973002,2012-04-27,Supreme Court of India,"Aneeta Hada vs M/S Godfather Travels & Tours Pvt.Ltd on 27 April, 2012"
24,1626264,1961-08-04,Supreme Court of India,"The State Of Bombay vs Kathi Kalu Oghad And Others on 4 August, 1961"
25,57105555,2017-11-14,Supreme Court of India,"Anil Kumar Yadav vs State Of Nct Delhi on 14 November, 2017"
26,120726166,2012-08-07,Supreme Court of India,"Rai Sandeep @ Deepu vs State Of Nct Of Delhi on 7 August, 2012"
27,324617,2002-12-20,Supreme Court of India,"M.C. Abraham And Another, A.K. Dhote, ... vs State Of Maharashtra And Others on 20 December, 2002"
28,68361150,2022-07-19,Supreme Court of India,"Narcotics Control Bureau vs Mohit Agarwal on 19 July, 2022"
29,190060,2008-08-04,Punjab-Haryana High Court,"Daler Singh And Another vs State Of Punjab on 4 August, 2008"
30,14485072,2022-07-27,Supreme Court of India,"Vijay Madanlal Choudhary vs Union Of India on 27 July, 2022"
31,1369545,2004-07-27,Supreme Court of India,"State Of Andhra Pradesh vs Golconda Linga Swamy And Anr on 27 July, 2004"
32,151141,2000-01-21,Supreme Court of India,"Ambika Prasad And Another vs State (Delhi Administration, Delhi) on 21 January, 2000"
33,165584074,2012-01-10,Supreme Court of India,"State Of M.P. & Anr vs Ram Prakash Singh & Anr on 10 January, 2012"
34,116627946,2016-04-05,Madras High Court,"S.Ganapathy vs N.Senthilvel on 5 April, 2016"
35,160740668,2013-03-21,Supreme Court of India,"Yakub Abdul Razak Memon vs State Of Maharashtra Th:Cbi Mumbai on 21 March, 2013"
36,9513811,2014-03-05,Supreme Court of India,"Sushil Ansal vs State Thr.Cbi on 5 March, 2014"
37,54814974,2019-03-05,Supreme Court of India,"Ankush Maruti Shinde . vs State Of Maharashtra on 5 March, 2019"
38,187034258,2011-03-09,Supreme Court of India,"Nilesh Dinkar Paradkar vs State Of Maharashtra on 9 March, 2011"
39,111899692,2018-10-12,Supreme Court of India,"Mallikarjun Kodagali (Dead) ... vs The State Of Karnataka on 12 October, 2018"
40,1922173,1976-08-20,Supreme Court of India,"Dalbir Kaur & Ors vs State Of Punjab on 20 August, 1976"
41,97452657,2021-03-01,Supreme Court of India,"P. Mohanraj vs M/S. Shah Brothers Ispat Pvt. Ltd. on 1 March, 2021"
42,1481882,2011-01-21,Supreme Court of India,"Rabindra Kr. Pal @ Dara Singh vs Republic Of India on 21 January, 2011"
43,1594547,1979-01-24,Supreme Court of India,"Sita Ram & Ors vs State Of U.P on 24 January, 1979"
44,111867,1962-01-20,Supreme Court of India,"Kedar Nath Singh vs State Of Bihar on 20 January, 1962"
45,161136858,2013-04-22,Supreme Court of India,"Kanhaiya Lal And Ors vs State Of Rajasthan on 22 April, 2013"
46,359198,1998-04-29,Supreme Court of India,"K. Chandrasekhar, Mariam Rasheeda, ... vs The State Of Kerala & Ors on 29 April, 1998"
47,66479798,2012-10-10,Supreme Court of India,"Abuzar Hossain @ Gulam Hossain vs State Of West Bengal on 10 October, 2012"
48,25220929,2017-07-18,Supreme Court of India,"Sonu @ Amar vs State Of Haryana on 18 July, 2017"
49,152269485,2022-02-25,Supreme Court - Daily Orders,"Saudan Singh vs The State Of Uttar Pradesh on 25 February, 2022"
50,342903,1961-04-24,Supreme Court of India,"Major E. G. Barsay vs The State Of Bombay on 24 April, 1961"
51,22951879,2018-03-28,Supreme Court of India,"Krishnakant Tamrakar vs The State Of Madhya Pradesh on 28 March, 2018"
52,569814,1994-11-24,Supreme Court of India,"State Of W.B vs Mohammed Khalid on 24 November, 1994"
53,96494,1957-01-11,Supreme Court of India,"Om Prakash Gupta vs State Of U. P.(With Connected <b>Appeals</b>) on 11 January, 1957"
54,158643373,2021-11-24,Supreme Court of India,"The State Of Rajasthan vs Bablu @ Om Prakash on 24 November, 2021"
55,119118715,2014-09-16,Supreme Court of India,"Dilawar Singh & Ors vs State Of Haryana on 16 September, 2014"
56,1149608,1965-05-07,Supreme Court of India,"Baijnath Gupta And Others vs The State Of Madhya Pradesh on 7 May, 1965"
57,120246503,2019-07-30,Supreme Court of India,"G. J. Raja vs Tejraj Surana on 30 July, 2019"
58,51474008,2015-03-10,Supreme Court of India,"Md.Ali @ Guddu vs State Of U.P on 10 March, 2015"
59,357519,1968-10-16,Supreme Court of India,"Assistant Collector Of Customs & Anr vs U.L.R. Malwani And Anr on 16 October, 1968"
60,162989021,2018-09-20,Supreme Court of India,"The State Of Maharashtra vs Sayyed Hassan Sayyed Subhan on 20 September, 2018"
61,1182753,2011-09-02,Supreme Court of India,"State Of Rajasthan vs Arjun Singh & Ors on 2 September, 2011"
62,309271,1981-04-15,Supreme Court of India,"Gokaraju Rangaraju Etc vs State Of Andhra Pradesh on 15 April, 1981"
63,724684,2002-09-27,Supreme Court of India,"Sardul Singh vs State Of Haryana on 27 September, 2002"
64,81931,2003-12-12,Supreme Court of India,"Panna Lal Ghosh & Ors vs Land Acquisition Collector & Ors on 12 December, 2003"
65,1673242,1992-03-25,Supreme Court of India,"Jagdish Prasad And Others vs State Of Madhya Pradesh on 25 March, 1992"
66,731189,1993-02-23,Supreme Court of India,"Rajaram vs State Of M.P on 23 February, 1993"
67,135761095,2017-10-07,Madhya Pradesh High Court,"Ashish @ Ashu vs State Of M.P. on 7 October, 2017"
68,185928164,2016-11-25,Madhya Pradesh High Court,"Chandu @ Chandra Bhan vs State Of M.P. on 25 November, 2016"
69,167485898,2012-05-03,Madhya Pradesh High Court,"Smt. Prakash Wati & Anr. vs Mangal Singh & Anr on 3 May, 2012"
70,1704435,2009-10-23,Punjab-Haryana High Court,"Sukhwinder Singh Alias Chhinda And ... vs The State Of Punjab on 23 October, 2009"
71,74775971,2011-08-02,Punjab-Haryana High Court,"Ram Dass Sadhu And Another vs State Of Punjab on 2 August, 2011"
72,184629834,2023-04-11,Bombay High Court,"Ramprasad Vihwanath Gupta vs Tanaji Bhausaheb Desai Adn Ors on 11 April, 2023"
73,155227129,2022-12-12,Bombay High Court,"Ramprasad Vishwanath Gupta vs Pradeep Rameshwar Sharma And Anr on 12 December, 2022"
74,57642818,2022-12-12,Bombay High Court,"Tanaji Bhausaheb Desai vs The State Of Maharashtra And Anr on 12 December, 2022"
75,91738109,2019-04-09,Bombay High Court,"Suresh Raghunath Patil vs The State Of Maharashtra And Anr on 9 April, 2019"
76,71777130,2016-04-25,Supreme Court of India,"Devinder Singh & Ors vs State Of Punjab Through Cbi on 25 April, 2016"
77,760449,2010-10-06,Supreme Court of India,"Santosh Kumar Singh vs State Th. Cbi on 6 October, 2010"
78,55040115,2019-04-30,Supreme Court of India,"Rashmi Chopra vs The State Of Uttar Pradesh on 30 April, 2019"
79,798679,2004-08-12,Supreme Court of India,"Jai Shree Yadav vs State Of U.P on 12 August, 2004"
80,24057125,2014-01-07,Supreme Court of India,"State Of Gujarat vs Kishanbhai on 7 January, 2014"
81,1325515,1988-02-24,Supreme Court of India,"Hare Krishna Singh & Ors. Etc vs State Of Bihar on 24 February, 1988"
82,114038066,2019-03-27,Supreme Court of India,"Serious Fraud Investigation Office vs Rahul Modi on 27 March, 2019"
83,140357700,2015-04-15,Supreme Court of India,"Prasad Shrikant Purohit vs State Of Maharashtra & Anr on 15 April, 2015"
84,148923972,2019-03-26,Supreme Court of India,"The State Of Madhya Pradesh vs Uday Singh on 26 March, 2019"
85,110783225,2019-12-18,Supreme Court of India,"Anokhilal vs The State Of Madhya Pradesh on 18 December, 2019"
86,31929238,2012-05-11,Supreme Court of India,"Sandeep vs State Of U.P on 11 May, 2012"
87,1384369,2007-02-15,Supreme Court of India,"Ram Singh vs Sonia & Ors on 15 February, 2007"
88,139653985,2014-02-05,Supreme Court of India,"State Th. Cbi New Delhi vs Jitender Kumar Singh on 5 February, 2014"
89,128615827,2020-04-22,Supreme Court of India,"Hira Singh vs Uoi on 22 April, 2020"
90,30806787,2021-09-29,Supreme Court of India,"Ramgopal vs The State Of Madhya Pradesh on 29 September, 2021"
91,7964850,2020-01-23,Supreme Court of India,"The Home Secretary (Prison) vs H. Nilofer Nisha on 23 January, 2020"
92,19805043,2017-07-07,Supreme Court of India,"Vikram Singh @Vicky Walia vs The State Of Punjab on 7 July, 2017"
93,111831393,2014-08-12,Supreme Court of India,"U.O.I. & Anr vs Sajeev V. Deshphande on 12 August, 2014"
94,192873758,2022-01-25,Supreme Court of India,"Joseph Stephen vs Santhanasamy on 25 January, 2022"
95,169784101,2021-12-13,Supreme Court of India,"Bharat Chaudhary vs Union Of India on 13 December, 2021"
96,39419222,2014-05-09,Supreme Court of India,"Dhan Raj @ Dhand vs State Of Haryana on 9 May, 2014"
97,539250,1976-08-23,Supreme Court of India,"State Of Orissa vs Chandrika Mohapatra & Ors on 23 August, 1976"
98,175397617,2014-11-14,Supreme Court of India,"Naresh Kumar vs State Of Haryana & Ors on 14 November, 2014"
99,173622227,2017-04-25,Bombay High Court,"Lt. Col. Prasad Shrikant Purohit vs National Investigation Agency (Nia) ... on 25 April, 2017"
100,1239391,2011-08-11,Delhi High Court,"Sapan Haldar & Anr. vs The State on 11 August, 2011"
101,134626256,2012-10-11,Madhya Pradesh High Court,"Deepak & Ors. vs The State Of M.P on 11 October, 2012"
102,40305755,2019-09-23,Supreme Court of India,"The Authorized Officer,Indian Bank vs D. Visalakshi on 23 September, 2019"
103,96029107,2022-11-04,Supreme Court of India,"Ashok Kumar Singh Chandel vs State Of U.P. on 4 November, 2022"
104,858257,2011-04-04,Supreme Court of India,"Chandran @ Manichan @ Maniyan vs State Of Kerala on 4 April, 2011"
105,79200615,2022-04-22,Supreme Court of India,"Jafarudheen vs State Of Kerala on 22 April, 2022"
106,148506,1977-04-19,Supreme Court of India,"Dagdu & Others Etc vs State Of Maharashtra on 19 April, 1977"
107,423598,1954-10-22,Supreme Court of India,"Ramkishan Mithanlal Sharma vs The State Of Bombay.[And Two Connected ... on 22 October, 1954"
108,101785181,2017-10-09,Supreme Court of India,"State (Nct Of Delhi) vs Brijesh Singh @ Arun Kumar on 9 October, 2017"
109,128084,2010-04-13,Supreme Court of India,"M.C. Ali & Anr vs State Of Kerala on 13 April, 2010"
110,109930655,2023-05-02,Supreme Court of India,"Omprakash Sahni vs Jai Shankar Chaudhary And Anr. Etc. on 2 May, 2023"
111,156383456,2019-08-23,Supreme Court of India,"Shiv Kumar Jatia vs State Of Nct Of Delhi on 23 August, 2019"
112,134307429,2017-10-04,Supreme Court of India,"S. Mohammed Ispahani vs Yogendra Chandak on 4 October, 2017"
113,1021335,2011-04-11,Supreme Court of India,"Kuldip Yadav & Ors vs State Of Bihar on 11 April, 2011"
114,157226401,2012-05-08,Supreme Court of India,"Jitender Kumar vs State Of Haryana on 8 May, 2012"
115,1845799,2010-05-11,Supreme Court of India,"K.A.Abbas H.S.A vs Sabu Joseph & Anr on 11 May, 2010"
116,135573998,2012-01-19,Supreme Court of India,"Sudevanand vs State Through Cbi on 19 January, 2012"
117,35654,2010-04-30,Supreme Court of India,"C.Magesh & Ors vs State Of Karnataka on 30 April, 2010"
118,758426,1997-10-21,Supreme Court of India,"Shri Ram & Shiv Ram & Anr. Etc vs State Of U.P. & Ors on 21 October, 1997"
119,1889801,2009-02-27,Supreme Court of India,"State Of U.P vs Sattan @ Satyendra & Ors on 27 February, 2009"
120,1439508,1971-03-23,Supreme Court of India,"Shyam Deo Pandey & Ors vs State Of Bihar on 23 March, 1971"
121,1918767,1963-03-18,Supreme Court of India,"Sardar Sardul Singh Caveeshar vs State Of Maharashtra(And Connected ... on 18 March, 1963"
122,115442012,2013-12-10,Supreme Court of India,"Veer Singh & Ors vs State Of U.P on 10 December, 2013"
123,1759478,2008-04-11,Supreme Court of India,"Mahabir vs The State Of Delhi on 11 April, 2008"
124,241103,1982-12-15,Supreme Court of India,"Maqsoodan & Others vs State Of Uttar Pradesh [And Vice-Versa] on 15 December, 1982"
125,885203,1992-05-14,Supreme Court of India,"Poolpandi Etc. Etc vs Superintendent, Central Excise ... on 14 May, 1992"
126,733548,2011-02-03,Supreme Court of India,"Wakkar & Anr vs State Of U.P on 3 February, 2011"
127,1880223,2008-05-01,Supreme Court of India,"Sudhir Kumar Bhalla vs Jagdish Chand, Etc. Etc on 1 May, 2008"
128,468792,2005-01-17,Supreme Court of India,"Panchanan Mishra vs Digambar Mishra & Ors on 17 January, 2005"
129,874714,1956-10-03,Supreme Court of India,"Niranjan Singh vs The State Of Uttar Pradesh(And ... on 3 October, 1956"
130,27660077,2015-04-13,Supreme Court of India,"Inspector Of Police & Ors vs Battenapatla Venkata Ratnam & Anr on 13 April, 2015"
131,627409,1987-04-14,Supreme Court of India,"Subash Shiv Shankar vs State Of U.P on 14 April, 1987"
132,806030,1995-07-13,Supreme Court of India,"A.Jayaram & Anr.Etc.Etc vs State Of Andhra Pradesh Byc.B.I on 13 July, 1995"
133,1939212,2001-02-26,Supreme Court of India,"Sandeep vs State Of Haryana on 26 February, 2001"
134,191061968,2022-10-31,Madhya Pradesh High Court,"Rustam Singh vs The State Of M.P. on 31 October, 2022"
135,7977056,2021-10-05,Madhya Pradesh High Court,"The State Of Madhya Pradesh vs Shankar Singh Gurjar on 5 October, 2021"
136,122641506,2018-03-15,Madhya Pradesh High Court,"Shafeeq vs The State Of Madhya Pradesh on 15 March, 2018"
137,111300735,2019-09-06,Madhya Pradesh High Court,"Yogesh Nath @ Jogesh Nath vs The State Of Madhya Pradesh on 6 September, 2019"
138,115353024,2018-02-15,Madhya Pradesh High Court,"Shiv Kumar Gupta vs The State Of M.P. on 15 February, 2018"
139,58361786,2018-05-24,Madhya Pradesh High Court,"Santosh Kumar Dohre & Ors. vs State Of M.P. on 24 May, 2018"
140,78532972,2015-09-04,Madhya Pradesh High Court,"Rameshchandra And Anr. vs The State Of Madhya Pradesh on 4 September, 2015"
141,165856148,2016-10-27,Madhya Pradesh High Court,"Gabbar Singh vs State Of M.P. on 27 October, 2016"
142,135980046,2011-10-31,Punjab-Haryana High Court,"Mewa Singh vs State Of Punjab on 31 October, 2011"
143,57552072,2022-04-11,Supreme Court - Daily Orders,"Jahir Hak vs The State Of Rajasthan on 11 April, 2022"
144,78751072,2015-11-24,Supreme Court - Daily Orders,"M/S Bridgestone India Pvt. Ltd. vs Inderpal Singh on 24 November, 2015"
145,188702462,2015-10-28,Madhya Pradesh High Court,"Rajkumar Kushwah And 2 Ors. vs The State Of Madhya Pradesh on 28 October, 2015"
146,174858576,2018-10-04,Madhya Pradesh High Court,"Golu @ Dhaniram vs State Of M.P on 4 October, 2018"
147,59069628,2016-01-27,Madhya Pradesh High Court,"Pawan Yadav & Ors. vs The State Of M.P. on 27 January, 2016"
148,84022300,2017-06-27,Madhya Pradesh High Court,"Banshilal vs The State Of M.P. on 27 June, 2017"
149,136359638,2019-05-17,Madhya Pradesh High Court,"Moti Singh vs The State Of Madhya Pradesh on 17 May, 2019"
150,258728,2009-02-26,Punjab-Haryana High Court,"Dilbag Singh vs State Of Haryana on 26 February, 2009"
151,9003401,2014-08-06,Madhya Pradesh High Court,"Babu Lal Singh vs The State Of M.P. on 6 August, 2014"
152,6668746,2010-02-02,Punjab-Haryana High Court,"State Of Punjab vs Bagga Singh on 2 February, 2010"
153,1104661,2010-11-09,Supreme Court of India,"Monica Bedi vs State Of A.P on 9 November, 2010"
154,985284,2004-04-13,Supreme Court of India,"Daroga Singh & Ors vs B.K. Pandey on 13 April, 2004"
155,168040,1961-07-24,Supreme Court of India,"The State Of Andhra Pradesh vs Thadi Narayana on 24 July, 1961"
156,151246922,2022-05-04,Supreme Court of India,"Ravinder Singh @ Kaku vs The State Of Punjab on 4 May, 2022"
157,153559824,2018-04-26,Supreme Court of India,"Bhaskarrao vs The State Of Maharashtra on 26 April, 2018"
158,63358,2004-01-05,Supreme Court of India,"M.T. Khan & Ors vs Government Of Andhra Pradesh & Ors on 5 January, 2004"
159,74815367,2018-08-21,Supreme Court of India,"Suresh vs State Of Haryana on 21 August, 2018"
160,239513,1997-09-25,Supreme Court of India,"Dukhmochan Pandey & Ors., Shamsul Mian & ... vs State Of Bihar on 25 September, 1997"
161,788958,1954-03-17,Supreme Court of India,"Hem Raj vs The State Of Ajmer(And Connected ... on 17 March, 1954"
162,148617531,2021-04-22,Madhya Pradesh High Court,"Pramod Yadav vs The State Of Madhya Pradesh on 22 April, 2021"
163,1649633,2008-11-10,Bombay High Court,"M/S. Jinraj Paper Udyog vs M/S. Dinesh Associates on 10 November, 2008"
164,102331629,2014-10-16,Supreme Court - Daily Orders,"J.V. Baharuni vs State Of Gujarat on 16 October, 2014"
165,192964306,2019-12-10,Supreme Court of India,"Raja vs State By The Inspector Of Police on 10 December, 2019"
166,113684311,2019-09-24,Supreme Court of India,"Nevada Properties Pvt. Ltd. Through Its ... vs The State Of Maharashtra on 24 September, 2019"
167,56399465,2019-12-05,Supreme Court of India,"State Of Nct Of Delhi vs Shiv Charan Bansal on 5 December, 2019"
168,84371457,2015-05-14,Supreme Court of India,"Rajdeep Sardesai vs State Of A.P.& Ors on 14 May, 2015"
169,48110962,2012-09-04,Supreme Court of India,"Bhimanna vs State Of Karnataka on 4 September, 2012"
170,506822,2009-05-08,Supreme Court of India,"Mustaq Ahmed Mohammed Isak & Ors vs State Of Maharashtra on 8 May, 2009"
171,192877,2011-04-05,Supreme Court of India,"Rekha vs State Of T.Nadu Tr.Sec.To Govt.& Anr on 5 April, 2011"
172,1185079,2009-05-05,Supreme Court of India,"Akbar Sheikh & Ors vs State Of West Bengal on 5 May, 2009"
173,172188,1990-05-02,Supreme Court of India,"State Of Uttar Pradesh vs Moti Ram And Anr. Etc. Etc on 2 May, 1990"
174,145456343,2015-01-06,Supreme Court of India,"Inder Singh & Ors vs State Of Rajasthan on 6 January, 2015"
175,1317138,2003-08-08,Supreme Court of India,"The Government Of N.C.T. Of Delhi vs Jaspal Singh on 8 August, 2003"
176,1115791,1996-04-09,Supreme Court of India,"Rakesh Singha vs State Of Himachal Pradesh on 9 April, 1996"
177,413624,1975-12-09,Supreme Court of India,"Legal Remembrancer Of Govt. Of West ... vs Haridas Mundra on 9 December, 1975"
178,194731955,2018-12-03,Supreme Court of India,"The State Of Punjab vs Rakesh Kumar on 3 December, 2018"
179,89439195,2019-10-24,Supreme Court of India,"Rajender @ Rajesh @ Raju vs State (Nct Of Delhi) on 24 October, 2019"
180,51359270,2003-11-04,Supreme Court of India,"Shingara Singh vs State Of Haryana And Another on 4 November, 2003"
181,187663,2008-11-14,Supreme Court of India,"Asif Mamu vs State Of M.P on 14 November, 2008"
182,135257296,2018-11-28,Supreme Court of India,"Narayan Malhari Thorat vs Vinayak Deorao Bhagat on 28 November, 2018"
183,46740794,2019-10-21,Supreme Court of India,"M. Srikanth vs The State Of Telangana on 21 October, 2019"
184,124752650,2019-03-15,Supreme Court of India,"Dauwalal @ Ganesh Devangan vs The State Of Madhya Pradesh(Now ... on 15 March, 2019"
185,45226440,2011-09-06,Supreme Court of India,"Ajay Kumar Das vs State Of Jharkhand & Anr on 6 September, 2011"
186,1906118,2004-08-02,Supreme Court of India,"Rudrappa Ramappa Jainpur And Others vs State Of Karnataka on 2 August, 2004"
187,1253411,2006-07-04,Supreme Court of India,"A.N. Roy,Commissioner Of Police & Anr vs Suresh Sham Singh on 4 July, 2006"
188,1642454,2007-07-10,Supreme Court of India,"Abdul Rashid Abdul Rahiman Patel And Ors vs State Of Maharashtra on 10 July, 2007"
189,966211,2008-08-13,Supreme Court of India,"Malwa Cotton & Spinning Mills Ltd vs Virsa Singh Sidhu & Ors on 13 August, 2008"
190,69242,2002-08-29,Supreme Court of India,"Lakshmi & Ors vs State Of U.P on 29 August, 2002"
191,190039810,2018-08-13,Supreme Court of India,"Arvind Tiwary vs The State Of Bihar on 13 August, 2018"
192,147477273,2015-12-10,Supreme Court - Daily Orders,"Yogendra Kumar Jaiswal Etc. vs State Of Bihar . on 10 December, 2015"
193,128524403,2017-04-25,Bombay High Court,"Nisar Ahmed Sayyed Bilal vs The State Of Maharashtra on 25 April, 2017"
194,190304391,2015-12-22,Himachal Pradesh High Court,"Kamal Dev @ Kamal Kumar Son Of Shri Devi ... vs State Of Himachal Pradesh on 22 December, 2015"
195,34385587,2017-11-28,Madhya Pradesh High Court,"Prakash Singh And Ors. vs The State Of M.P. on 28 November, 2017"
196,46219614,2014-04-17,Madhya Pradesh High Court,"Bhuru @ Bhundara vs The State Of Madhya Pradesh Judgement ... on 17 April, 2014"
197,1235310,1947-04-11,Bombay High Court,"J.K. Gas Plant Manufacturing Co. Ltd. vs Emperor on 11 April, 1947"
198,150516236,2015-06-22,Himachal Pradesh High Court,"Dharam Pal And Another vs State Of H.P on 22 June, 2015"
199,151222872,2011-04-06,Kerala High Court,"Subash M. Varghese vs State Of Kerala Represented By The on 6 April, 2011"
200,17489410,2022-10-17,Allahabad High Court,"Naresh Kumar Valmiki vs State Of U.P. And 4 Others on 17 October, 2022"
201,107225803,2019-08-30,Madhya Pradesh High Court,"Suraj Singh @ Surat Singh vs State Of M.P. on 30 August, 2019"
202,143275315,2018-04-23,Madhya Pradesh High Court,"Keshav Singh vs State Of M.P. on 23 April, 2018"
203,159941840,2017-12-01,Madhya Pradesh High Court,"Pintoo @ Vinod Singh vs State Of M.P. on 1 December, 2017"
204,6621849,2017-03-09,Patna High Court - Orders,"Suddu Kumar vs The State Of Bihar on 9 March, 2017"
205,66512000,2015-04-16,Supreme Court - Daily Orders,"Kiriti Pal vs State Of West Bengal on 16 April, 2015"
206,146434130,2010-09-16,Delhi High Court,"Union Of India vs Victor Nnamdi Okpo on 16 September, 2010"
207,188549797,2015-10-05,Madhya Pradesh High Court,"Deenu @ Dinesh Parte vs The State Of Madhya Pradesh on 5 October, 2015"
208,174342723,2009-05-12,Punjab-Haryana High Court,"Joginder Singh Son Of Kabool Singh vs The State Of Haryana on 12 May, 2009"
209,134199468,2005-04-05,Kerala High Court,"Pazhani vs Stateof Kerala on 5 April, 2005"
210,883518,2003-12-12,Delhi High Court,"Rakesh Kumar vs State [Along With <b>Crl</b>. <b>Appeals</b> 91 And ... on 12 December, 2003"
211,75385841,2018-05-18,Madhya Pradesh High Court,"Suresh Prasad Patel & Anr. vs The State Of Madhya Pradesh on 18 May, 2018"
212,199689273,2018-05-25,Madhya Pradesh High Court,"Mithilesh vs The State Of M.P. on 25 May, 2018"
213,74850629,2017-10-27,Madhya Pradesh High Court,"Sukhlal (Died) And Another vs State Of M.P. on 27 October, 2017"
214,23327410,2018-05-17,Madhya Pradesh High Court,"Kalyan Singh And Others vs State Of M.P. on 17 May, 2018"
215,49703478,2010-01-28,Punjab-Haryana High Court,"Surat Singh And Others vs State Of Haryana on 28 January, 2010"
216,52682952,2011-07-18,Punjab-Haryana High Court,"<b>Criminal</b> <b>Appeal</b> No.D-406-Db Of 2004 vs State Of Punjab on 18 July, 2011"
217,93235575,2008-11-25,Punjab-Haryana High Court,"<b>Criminal</b> <b>Appeal</b> No.327-Db Of 2006 vs State Of Haryana on 25 November, 2008"
218,1400809,2008-11-27,Punjab-Haryana High Court,"Satta @ Satnam Singh S/O Sardul Singh vs The State Of Punjab on 27 November, 2008"
219,461672,2008-08-29,Punjab-Haryana High Court,"Paramjit Kaur Widow Of Bant Singh And ... vs State Of Punjab on 29 August, 2008"
220,116560978,2014-05-09,Madhya Pradesh High Court,"Chandan Singh vs The State Of M.P. Judgement Given By: ... on 9 May, 2014"
221,197370692,2013-01-03,Madhya Pradesh High Court,"Jai Prakash Lodhi & Ors. vs The State Of Madhya Pradesh on 3 January, 2013"
222,57665970,2018-02-09,Madhya Pradesh High Court,"Raj Kumar Yadav vs Shriram & Anr. on 9 February, 2018"
223,158049726,2017-05-04,Madhya Pradesh High Court,"Amarsingh vs State Of M.P. on 4 May, 2017"
224,104163680,2012-11-22,Madhya Pradesh High Court,"Mahendra Singh & Ors vs The State Of M.P on 22 November, 2012"
225,169849041,2012-02-23,Punjab-Haryana High Court,"<b>Crl</b>.<b>Appeal</b> No.773-Db Of 2009 vs State Of Haryana 1994(3) Rcr (<b>Crl</b>.) 625 ... on 23 February, 2012"
226,42484070,2023-09-05,Bombay High Court,"Rohee Tangappan Joseph @ Rohi @ Satish ... vs The Central Bureau Of Investigation And ... on 5 September, 2023"
227,26915106,2023-09-05,Bombay High Court,"Mangesh Damodar Aagvane @ Mangya vs The Central Bureau Of Investigation And ... on 5 September, 2023"
228,80351363,2023-06-21,Bombay High Court,"Mangesh Damodar Aagvane @ Mangya vs The Central Bureau Of Investigation And ... on 21 June, 2023"
229,137061126,2023-06-21,Bombay High Court,"Rohee Tangappan Joseph @ Rohi @ Satish ... vs The Central Bureau Of Investigation And ... on 21 June, 2023"
230,25444802,2019-03-18,Bombay High Court,"Valentino Saldin Alias Md. Vali Alia ... vs Union Of India And Anr on 18 March, 2019"
231,195527727,2019-03-18,Bombay High Court,"Vinay Sabhajit Tripathi vs The State Of Maharashtra And Anr on 18 March, 2019"
232,21462396,2019-03-18,Bombay High Court,"Shyamjibhai Govindbhai Patel @ Satuba ... vs The State Of Maharashtra And Anr on 18 March, 2019"
233,102916074,2018-12-13,Bombay High Court,"The State Of Maharashtra vs Nagesh Bhagwat Sonawane And Ors on 13 December, 2018"
234,26694354,2011-09-21,Bombay High Court,"Mr. Balasaheb Rangnath Khade vs The State Of Maharashtra & Ors on 21 September, 2011"
235,81043157,2020-12-17,Karnataka High Court,"The Bidar Urban Co-Operative Bank ... vs Mr.Girish S/O Late Gunderao Kulkarni on 17 December, 2020"
236,145541813,2013-03-21,Supreme Court of India,"Essa @ Anjum Abdul Razak Memon vs State Of Maharashtra Tr.Stf,Cbi Mumbai on 21 March, 2013"
237,708584,2011-05-02,Supreme Court of India,"Satyavir Singh Rathi vs State Tr.C.B.I on 2 May, 2011"
238,136092640,2020-03-02,Supreme Court of India,"Samta Naidu vs The State Of Madhya Pradesh on 2 March, 2020"
239,57883792,2013-03-21,Supreme Court of India,"Ibrahim Musa Chauhan @ Baba Chauhan vs State Of Maharashtra on 21 March, 2013"
240,342033,2008-10-21,Supreme Court of India,"Mahmadhusen Abdulrahim Kalota Shaikh vs Union Of India & Ors on 21 October, 2008"
241,45713715,2013-03-21,Supreme Court of India,"State Of Mahrashtra vs Fazal Rehman Abdul on 21 March, 2013"
242,417994,2005-10-28,Supreme Court of India,"Triloki Nath & Ors vs State Of U.P on 28 October, 2005"
243,79321377,2017-04-11,Supreme Court of India,"Roopendra Singh vs State Of Tripura & Anr on 11 April, 2017"
244,140460,1992-11-02,Supreme Court of India,"Kishan Singh vs State Of Uttar Pradesh on 2 November, 1992"
245,53971,1962-03-23,Andhra HC (Pre-Telangana),"Public Prosecutor vs Devireddi Nagi Reddi on 23 March, 1962"
246,166657898,2013-05-03,Supreme Court of India,"Manga @ Man Singh vs State Of Uttarkakhand on 3 May, 2013"
247,58424532,2012-07-10,Supreme Court of India,"Anand Mohan vs State Of Bihar on 10 July, 2012"
248,1234689,2009-04-15,Supreme Court of India,"Manoj Narain Agrawal vs Shahshi Agrawal & Ors on 15 April, 2009"
249,144945727,2018-04-18,Supreme Court of India,"Union Of India vs Cdr. Ravindra V. Desai on 18 April, 2018"
250,184580365,2019-12-10,Supreme Court of India,"Abcd vs Union Of India on 10 December, 2019"
251,148122928,2017-03-30,Supreme Court of India,"Kattukulangara Madhavan (Dead)Thr. ... vs Majeed & Ors on 30 March, 2017"
252,161559,1981-01-14,Supreme Court of India,"Rajasthan Pharmaceutical Laboratory, ... vs State Of Karnataka on 14 January, 1981"
253,1674839,1985-03-27,Supreme Court of India,"Henry Westmuller Roberts, Etc. Etc vs State Of Assam & Ors. Etc on 27 March, 1985"
254,47954856,2023-07-05,Supreme Court of India,"State Of U.P. vs Sonu Kushwaha on 5 July, 2023"
255,1626099,2010-10-21,Supreme Court of India,"Ramesh vs State Of Haryana on 21 October, 2010"
256,238171,1971-04-08,Supreme Court of India,"Mannam Venkatdri And Ors. vs The State Of Andhra Pradesh on 8 April, 1971"
257,197233536,2018-01-17,Supreme Court of India,"Mauvin Godinho vs The State Of Goa on 17 January, 2018"
258,1814850,1992-03-12,Supreme Court of India,"Rama Meru And Another vs State Of Gujarat on 12 March, 1992"
259,8425861,2012-02-10,Bombay High Court,"The State Of Maharashtra vs Sayeed Mohd. Hanif Abdul Rahim on 10 February, 2012"
260,20096252,2016-03-03,Madhya Pradesh High Court,"Sachin Kumar Singhraha vs The State Of Madhya Pradesh on 3 March, 2016"
261,104050054,2014-07-04,Supreme Court - Daily Orders,"State Thr.C.B.I. vs Sanjiv Bhalla on 4 July, 2014"
262,157110461,2011-11-29,Punjab-Haryana High Court,"<b>Criminal</b> <b>Appeal</b> No.1038-Sb Of 2 vs State Of Haryana on 29 November, 2011"
263,57335685,2013-11-11,Punjab-Haryana High Court,"Dharambir vs State Of Haryana on 11 November, 2013"
264,3824059,2020-06-03,Supreme Court of India,"Somasundaram @ Somu vs The State Rep. By The Deputy ... on 3 June, 2020"
265,101973265,2015-04-15,Supreme Court of India,"K. Anbazhagan vs State Of Karnataka And Others on 15 April, 2015"
266,16640622,2017-10-06,Supreme Court of India,"Birbal Choudhary @ Mukhiya Jee vs The State Of Bihar on 6 October, 2017"
267,147177435,2022-06-02,Supreme Court of India,"Uttam vs The State Of Maharashtra on 2 June, 2022"
268,89412006,2020-07-17,Supreme Court of India,"Pyare Lal vs State Of Haryana on 17 July, 2020"
269,193340748,2019-12-05,Supreme Court of India,"Station House Officer ... vs B.A. Srinivasan on 5 December, 2019"
270,927688,2009-05-06,Supreme Court of India,"Jamiruddin Ansari vs Central Bureau Of Investigation & Anr on 6 May, 2009"
271,299482,2009-03-06,Supreme Court of India,"Izharul Haq Abdul Hamid Shaikh & Anr vs State Of Gujarat on 6 March, 2009"
272,89820566,2020-01-31,Supreme Court of India,"Basheera Begam vs Mohammed Ibrahim And Ors on 31 January, 2020"
273,70646049,2022-01-11,Supreme Court of India,"The State Of Madhya Pradesh vs Jogendra . on 11 January, 2022"
274,62770560,2018-04-18,Supreme Court of India,"Seema Singh vs Central Bureau Of Investigation And Anr on 18 April, 2018"
275,88754442,2014-10-31,Supreme Court of India,"Nand Kumar vs State Of Chhattisgarh on 31 October, 2014"
276,109399025,2015-04-16,Supreme Court of India,"Ashwani Kumar @ Ashu & Anr vs State Of Punjab on 16 April, 2015"
277,157335709,2014-10-31,Supreme Court of India,"Hari Om vs State Of Haryana And Anr on 31 October, 2014"
278,100403148,2012-12-12,Supreme Court of India,"Mohammad Khalil Chisti vs State Of Rajasthan & Ors on 12 December, 2012"
279,761422,2008-11-07,Supreme Court of India,"State Of Punjab vs Sukhchain Singh & Anr on 7 November, 2008"
280,1312184,1991-08-27,Supreme Court of India,"The Janata Dal & Ors. Etc vs H.S. Chowdhary & Ors. Etc on 27 August, 1991"
281,126846,1973-04-03,Supreme Court of India,"Chaganti Kotaiah & Ors vs Gogineni Venkateshwara Rao & Anr on 3 April, 1973"
282,762630,1988-01-13,Supreme Court of India,"Chern Taong Shang & Anr., Etc., Etc vs Commander S.D.Baijal & Ors on 13 January, 1988"
283,1720990,1968-04-11,Supreme Court of India,"State Of Gujarat And Anr. Etc vs Mehboob Khan Usman Khan Etc on 11 April, 1968"
284,733617,1954-02-15,Supreme Court of India,"Ebrahim Vazir Mavat vs The State Of Bombay And Others.(With ... on 15 February, 1954"
285,54387374,2021-10-08,Supreme Court of India,"Ashutosh Ashok Parasrampuriya vs M/S. Gharrkul Industries Pvt. Ltd. on 8 October, 2021"
286,140419148,2011-08-29,Supreme Court of India,"Raghubir Singh vs State Of Rajasthan & Ors on 29 August, 2011"
287,73296,2006-11-10,Supreme Court of India,"B. K. Channappa vs State Of Karnataka on 10 November, 2006"
288,14489895,2019-09-27,Supreme Court of India,"The State Of Rajasthan vs Sahi Ram on 27 September, 2019"
289,200145,2010-05-14,Supreme Court of India,"Adalat Pandit & Anr vs State Of Bihar on 14 May, 2010"
290,1447412,2010-12-16,Supreme Court of India,"Sher Singh & Anr vs State Of Haryana on 16 December, 2010"
291,130578477,2011-03-09,Supreme Court of India,"Haricharan & Anr vs State Of M.P. & Ors on 9 March, 2011"
292,1927566,1996-04-26,Supreme Court of India,"Ram Sanjiwan Singh & Ors vs State Of Bihar on 26 April, 1996"
293,1968197,1994-09-19,Supreme Court of India,"V. Sujatha Etc. Etc vs State Of Kerala And Ors on 19 September, 1994"
294,81767423,2019-11-19,Supreme Court of India,"The State Of Madhya Pradesh vs Killu @ Kailash on 19 November, 2019"
295,79975933,2010-08-04,Supreme Court of India,"Mukeshbhai Gopalbhai Barot vs State Of Gujarat on 4 August, 2010"
296,154358293,2012-11-22,Supreme Court of India,"Busi Koteswara Rao & Ors vs State Of A.P on 22 November, 2012"
297,181117987,2014-05-23,Supreme Court of India,"State Of Haryana vs Satender on 23 May, 2014"
298,1380018,1996-11-20,Supreme Court of India,"Hardev Singh, Suba Singh vs Harbhej Singh & Ors on 20 November, 1996"
299,223583,2009-10-09,Supreme Court of India,"Sebastian @ Chevithiyan vs State Of Kerala on 9 October, 2009"
300,1650267,2002-08-21,Supreme Court of India,"Ganesh K. Gulve Etc vs State Of Maharashtra on 21 August, 2002"
301,285059,1978-08-30,Supreme Court of India,"Sarwan Simgh & Ors Etc vs State Of Punjab on 30 August, 1978"
302,74920304,2015-03-19,Supreme Court of India,"Sanjiv Kumar @ Gora vs State Of Punjab on 19 March, 2015"
303,251562,1965-10-05,Supreme Court of India,"Sachidananda Banerjee A.C.C. Calcutta vs Sitaram Agarwala on 5 October, 1965"
304,161493402,2011-07-12,Supreme Court of India,"Bharama Parasram Kudhachkar vs State Of Karnataka on 12 July, 2011"
305,1911518,1996-05-06,Supreme Court of India,"Hari Shanker Etc vs State Of U.P. Etc on 6 May, 1996"
306,1701367,1976-02-02,Supreme Court of India,"Suraj Bhan vs Om Prakash And Anr on 2 February, 1976"
307,365728,2004-10-12,Supreme Court of India,"Chava Ankama Rao & Ors vs State Of Andhra Pradesh on 12 October, 2004"
308,1448670,2003-12-16,Supreme Court of India,"Sureshchandra Singh & Ors vs Fertilizer Corpn. Of India Ltd. & Ors on 16 December, 2003"
309,172990019,2019-04-02,Delhi High Court,"The Deputy Director Directorate Of ... vs Axis Bank & Ors on 2 April, 2019"
310,80364506,2014-09-12,Madhya Pradesh High Court,"Bijju @ Jaihind Singh Thakur vs The State Of Madhya Pradesh on 12 September, 2014"
311,76668860,2020-05-28,Madras High Court,"K.Rajalingam vs R.Suganthalakshmi on 28 May, 2020"
312,43696678,2001-02-02,Kerala High Court,"Joy Joseph vs State Of Kerala on 2 February, 2001"
313,34217078,2022-09-28,Madhya Pradesh High Court,"Kailash vs State Of M.P. on 28 September, 2022"
314,45610724,2021-12-14,Madhya Pradesh High Court,"Madho Singh Rawat vs State Of M.P. on 14 December, 2021"
315,28232286,2021-10-04,Madhya Pradesh High Court,"Sikandar Singh Narwariya @ Lalu vs The State Of Madhya Pradesh on 4 October, 2021"
316,987256,2005-09-07,Allahabad High Court,"Indrajit Mallah Son Of Ram Raj Mallah vs State Of U.P. on 7 September, 2005"
317,988669,1987-02-04,Patna High Court,"Anurag Baitha vs State Of Bihar on 4 February, 1987"
318,135932304,2022-11-28,Bombay High Court,"Mukul Goyal S/O Arvind Goyal vs The State Of Maharashtra And Ors on 28 November, 2022"
319,69602242,2019-09-05,Madhya Pradesh High Court,"Smt. Nirmala Patkar vs The State Of Madhya Pradesh on 5 September, 2019"
320,552935,2005-08-03,Rajasthan High Court - Jaipur,"Tahir Khan @ Shakeel vs State Of Rajasthan on 3 August, 2005"
321,392108,1995-03-02,Kerala High Court,"K.G. Keralakumaran Nair vs State Of Kerala And Anr. on 2 March, 1995"
322,11504891,2022-12-20,Madhya Pradesh High Court,"Shriram Kalota vs The State Of Madhya Pradesh on 20 December, 2022"
323,141361649,2019-05-15,Himachal Pradesh High Court,"Dalip Kumar vs State Of Himachal Pradesh on 15 May, 2019"
324,160674551,2016-01-19,Bombay High Court,"Indur Kartar Chhugani vs The State Of Maharashtra on 19 January, 2016"
325,192285973,2016-04-07,Madhya Pradesh High Court,"Ku.Archana Nagar vs The State Of Madhya Pradesh on 7 April, 2016"
326,74024055,2016-05-26,Allahabad High Court,"Ashok Singh @ Mintu Singh (Pintu) {At : ... vs State Of U.P. on 26 May, 2016"
327,42585710,2022-05-25,Allahabad High Court,"Dharam Raj Yadav Alias Gyanendra Singh vs State Of U.P. on 25 May, 2022"
328,92282118,2017-01-25,Punjab-Haryana High Court,"Mangat Singh @ Manjit Singh & Ors vs State Of Punjab on 25 January, 2017"
329,168408259,2017-08-11,Supreme Court - Daily Orders,"Suresh Chandra Jana vs The State Of West Bengal on 11 August, 2017"
330,3081065,2017-11-10,Madhya Pradesh High Court,"Ballu @ Jamuna vs State Of M.P. on 10 November, 2017"
331,62642310,2019-02-14,Madhya Pradesh High Court,"Meghpal @ Trigpal vs State Of M.P. on 14 February, 2019"
332,5937513,2013-07-25,Punjab-Haryana High Court,"Narender Kumar vs State Of Haryana on 25 July, 2013"
333,26148660,2010-05-05,Punjab-Haryana High Court,"Arvind @ Chuni Lal And Another vs The State Of Haryana on 5 May, 2010"
334,93585953,2013-08-08,Punjab-Haryana High Court,"Usha Rani vs State Of Punjab on 8 August, 2013"
335,92870543,2015-01-06,Madhya Pradesh High Court,"Shambhu Dayal & Anr. vs State Of M.P. on 6 January, 2015"
336,175618220,2011-03-19,Madhya Pradesh High Court,"Munnalal Rajak vs The State Of M.P on 19 March, 2011"
337,112191260,2016-07-14,Supreme Court - Daily Orders,"Surinder Mohan Katwal vs State Of H.P. on 14 July, 2016"
338,128882344,2014-08-14,Madhya Pradesh High Court,"Ajeet Singh @ Babbe Singh vs The State Of Madhya Pradesh on 14 August, 2014"
339,509685,2008-11-25,Punjab-Haryana High Court,"Ajay Kumar S/O Samay Singh vs The State Of Haryana on 25 November, 2008"
340,791003,2005-09-16,Delhi High Court,"Abdul Murasalin vs State [Along With <b>Criminal</b> <b>Appeal</b> No. ... on 16 September, 2005"
341,149642,2009-01-22,Punjab-Haryana High Court,"State Of Haryana vs Sandeep Kumar on 22 January, 2009"
342,51247305,2021-05-31,Madhya Pradesh High Court,"Narayansingh vs The State Of Madhya Pradesh on 31 May, 2021"
343,183021643,2015-01-16,Supreme Court - Daily Orders,"Nagaraja Rao vs Cbi on 16 January, 2015"
344,160908104,2015-07-01,Allahabad High Court,"Pankaj Kumar Gupta vs State Of U.P. on 1 July, 2015"
345,265374,2002-07-22,Bombay High Court,"Bhagwan Alias Shivaji Haribhau Patil, ... vs The State Of Maharashtra Through Its ... on 22 July, 2002"
346,96900440,2019-08-21,Madhya Pradesh High Court,"Smt.Mamta Bai vs The State Of Madhya Pradesh on 21 August, 2019"
347,73291731,2018-06-28,Madhya Pradesh High Court,"Sheikh Chand Kha @ Chandu Kha vs State Of M.P. on 28 June, 2018"
348,78451573,2016-10-27,Madhya Pradesh High Court,"Murarilal & Ors. vs The State Of M.P. on 27 October, 2016"
349,1518497,2011-02-22,Madhya Pradesh High Court,"Manoj Patel vs The State Of M.P on 22 February, 2011"
350,172337006,2016-05-19,Madhya Pradesh High Court,"Narendra & Anr. vs The State Of M.P. on 19 May, 2016"
351,74200015,2013-04-08,Punjab-Haryana High Court,"Sonu @ Vikas vs State Of Haryana on 8 April, 2013"
352,90724714,2011-12-21,Punjab-Haryana High Court,"Rajpal Alias Raju And Others vs State Of Haryana on 21 December, 2011"
353,188444973,2014-11-17,Supreme Court - Daily Orders,"Balkar Singh vs State Of Haryana on 17 November, 2014"
354,1431253,1994-04-19,Bombay High Court,"Deoraj Deju Suvarna And Etc. vs State Of Maharashtra on 19 April, 1994"
355,169640647,2022-04-25,Madhya Pradesh High Court,"Rajendra @ Raja & 03 Ors. vs State Of M.P. on 25 April, 2022"
356,35937160,2017-08-08,Madhya Pradesh High Court,"Kalicharan & Anr. vs The State Of M.P. on 8 August, 2017"
357,14150954,2017-05-25,Madhya Pradesh High Court,"Sangram Singh And Ors. vs The State Of M.P. on 25 May, 2017"
358,152263471,2019-07-11,Madhya Pradesh High Court,"Bhammu @ Gokulsingh vs State Of M.P. on 11 July, 2019"
359,195202018,2018-08-27,Madhya Pradesh High Court,"Pintu And Another vs State Of M.P. on 27 August, 2018"
360,92047717,2017-04-11,Supreme Court - Daily Orders,"Medmeme, Llc vs M/S. Ihorse Bpo Solutions Pvt. Ltd. on 11 April, 2017"
361,80634053,2017-09-01,Madhya Pradesh High Court,"Raju Pandit @ Rajkumar vs The State Of Madhya Pradesh on 1 September, 2017"
362,60143699,2017-11-02,Madhya Pradesh High Court,"State Of M.P. vs Naktu @ Narayanpuri And Others on 2 November, 2017"
363,58687129,2018-07-09,Jharkhand High Court,"Tuklal Yadav vs The State Of Jharkhand & Anr on 9 July, 2018"
364,91916262,2012-03-20,Punjab-Haryana High Court,"Jitender Singh And Others vs State Of Haryana on 20 March, 2012"
365,501300,2010-11-23,Madhya Pradesh High Court,"Chhaganlal vs The State Of Madhya Pradesh on 23 November, 2010"
366,114463693,2011-10-21,Madhya Pradesh High Court,"Babuji @ Ramu & Anr. vs The State Of Madhya Pradesh on 21 October, 2011"
367,141825674,2015-11-30,Madhya Pradesh High Court,"Champalal Siddh Thru.Lrs.Kalabai vs The State Of M.P. on 30 November, 2015"
368,192548245,2010-05-13,Punjab-Haryana High Court,"Rajinder Kumar And Others vs State Of Punjab on 13 May, 2010"
369,103314369,2012-08-17,Madhya Pradesh High Court,"Gokal & Ors. vs The State Of M.P on 17 August, 2012"
370,94131122,2012-08-01,Madhya Pradesh High Court,"Pavan @ Pankaj Gupta vs The State Of Madhya Pradesh on 1 August, 2012"
371,27881961,2014-08-04,Madras High Court,"Selvaraj vs Venkatachalapathy on 4 August, 2014"
372,81820808,2012-08-16,Madhya Pradesh High Court,"Narendra Singh & Ors. vs The State Of M.P on 16 August, 2012"
373,701549,2008-09-08,Punjab-Haryana High Court,"Balwinder Singh Son Of Mohinder Singh vs The State Of Haryana on 8 September, 2008"
374,1689842,2009-09-02,Punjab-Haryana High Court,"Gurinder Singh And Another vs State Of Punjab on 2 September, 2009"
375,114600,2007-04-11,Gujarat High Court,"Abdul Rasid Shaikh And Anr. vs State Of Gujarat on 11 April, 2007"
376,171725866,2012-10-10,Madhya Pradesh High Court,"Nathuram vs The State Of M.P on 10 October, 2012"
377,13520213,2015-02-24,Supreme Court - Daily Orders,"Ajit Balse vs Capt.Ranga Karkere on 24 February, 2015"
378,155750875,2018-02-15,Madhya Pradesh High Court,"Damodar Prasad Rajoria & Ors. vs The State Of M.P. Th: C.I.D., Bhopal on 15 February, 2018"
379,79970273,2017-04-27,Madhya Pradesh High Court,"Veeru vs State Of M.P. on 27 April, 2017"
380,130162266,2018-08-02,Madhya Pradesh High Court,"Pan Singh vs State Of M.P. on 2 August, 2018"
381,162455524,2013-12-02,Kerala High Court,"Baburaj @ Babu vs The State Of Kerala Represented By on 2 December, 2013"
382,133691353,2015-11-06,Madhya Pradesh High Court,"Imrat @ Patiram vs The State Of M.P. on 6 November, 2015"
383,149863778,2010-07-22,Punjab-Haryana High Court,"Shiv Narain vs State Of Haryana on 22 July, 2010"
384,179476834,2015-07-03,Madhya Pradesh High Court,"Khet Singh & Ors. vs The State Of M.P. on 3 July, 2015"
385,23742542,2011-02-21,Punjab-Haryana High Court,"Anita And Others vs State Of Punjab on 21 February, 2011"
386,55713253,2014-07-21,Madhya Pradesh High Court,"Bhura @ Balram Gurjar vs The State Of Madhya Pradesh on 21 July, 2014"
387,6025602,2014-04-02,Gauhati High Court,"Don Ayengia vs The State Of Assam And Anr on 2 April, 2014"
388,87974699,2015-07-30,Madhya Pradesh High Court,"Sikandar Singh vs The State Of M.P. on 30 July, 2015"
389,1944757,2005-05-11,Delhi High Court,"Dharambir Singh vs State [Along With <b>Criminal</b> <b>Appeal</b> 95 Of ... on 11 May, 2005"
390,149192468,2016-03-03,Supreme Court - Daily Orders,"Ram Laxman vs State Of Rajasthan on 3 March, 2016"
391,29610991,2023-09-05,Bombay High Court,"Arun Janardan Dake vs The Central Bureau Of Investigation And ... on 5 September, 2023"
392,168354306,2023-09-05,Bombay High Court,"Anil Bhanudas Waghmode vs The State Of Maharashtra And Anr on 5 September, 2023"
393,35685968,2023-06-21,Bombay High Court,"Central Bureau Of Investigation vs Paulson Joseph Palitara on 21 June, 2023"
394,181463365,2023-06-21,Bombay High Court,"Abhijit Kashinath Shinde vs The Central Bureau Of Investigation And ... on 21 June, 2023"
395,185529699,2019-02-01,Bombay High Court,"Suresh Raghunath Patil vs The State Of Maharashtra And Anr on 1 February, 2019"
396,124402917,2023-05-16,Supreme Court of India,"Y. Balaji vs Karthik Desari on 16 May, 2023"
397,37837750,2019-04-11,Supreme Court of India,"Atma Ram vs The State Of Rajasthan on 11 April, 2019"
398,187589,1997-11-06,Supreme Court of India,"Subhash Singh Thakurshyam Kishore ... vs State (Through Cbi) on 6 November, 1997"
399,11582170,2015-04-23,Supreme Court of India,"Raj Singh vs State Of Haryana, Etc on 23 April, 2015"
400,963190,2007-11-01,Kerala High Court,"Dr. V.K.Rajan vs State Of Kerala on 1 November, 2007"
401,104981367,2022-05-23,Delhi High Court,"Amit Ranjan vs Narcotics Control Bureau, Delhi on 23 May, 2022"
402,544012,2010-02-02,Allahabad High Court,"Raju vs State Of U.P. on 2 February, 2010"
403,69716883,2011-04-20,Punjab-Haryana High Court,"Suresh Chand vs State Of Haryana on 20 April, 2011"
404,268267,2009-08-06,Supreme Court of India,"Mohd.Farooq A.G.Chipa Rangari & Anr vs State Of Maharashtra on 6 August, 2009"
405,95032993,2021-12-15,Supreme Court of India,"Jaikam Khan vs The State Of Uttar Pradesh on 15 December, 2021"
406,1291057,1978-10-26,Supreme Court of India,"Rajendra Singh Yadav vs Chandra Sen And Ors. on 26 October, 1978"
407,1838405,1962-05-03,Supreme Court of India,"Jia Lal vs The Delhi Administration on 3 May, 1962"
408,8232576,2021-12-11,Supreme Court of India,"Laxman Prasad Pandey vs The State Of Uttar Pradesh on 11 December, 2021"
409,1056303,2010-04-22,Supreme Court of India,"Shaukat vs State Of Uttaranchal on 22 April, 2010"
410,154384989,2021-09-07,Supreme Court of India,"Shakuntala Shukla vs State Of Uttar Pradesh on 7 September, 2021"
411,40882677,2014-02-13,Supreme Court of India,"Bastiram vs State Of Rajasthan on 13 February, 2014"
412,1769800,2008-12-19,Supreme Court of India,"State Of A.P vs Rayaneedi Sitharamaiah & Ors on 19 December, 2008"
413,60411382,2012-12-21,Andhra HC (Pre-Telangana),"National Investigation Agency Chikoti ... vs Mohmed Anwar Shak And Another on 21 December, 2012"
414,1074096,1964-04-17,Calcutta High Court,"Nemai Adak And Ors. vs The State on 17 April, 1964"
415,189096390,2014-09-25,Madhya Pradesh High Court,"State Of M.P. vs Baijnath And Others on 25 September, 2014"
416,5219806,2013-03-21,Supreme Court of India,"Ahmed Shah Khan Durrani @ A.S. Mubarak S vs State Of Maharashtra on 21 March, 2013"
417,143911787,2022-05-13,Supreme Court of India,"Meena Devi vs The State Of Uttar Pradesh on 13 May, 2022"
418,109985722,2020-01-21,Supreme Court of India,"Duleshwar vs State Of Mp (Now Chhattisgarh) on 21 January, 2020"
419,1052165,2011-03-18,Supreme Court of India,"Childline India Foundation & Anr vs Alan John Waters & Ors on 18 March, 2011"
420,122785139,2014-07-01,Supreme Court of India,"Balbir vs Vazir And Other on 1 July, 2014"
421,2620244,2013-10-18,Supreme Court of India,"Putchalapalli Naresh Reddy vs State Of A.P. & Etc on 18 October, 2013"
422,25921364,2020-10-08,Supreme Court of India,"Miss A vs The State Of Uttar Pradesh on 8 October, 2020"
423,75243301,2014-08-21,Supreme Court of India,"Raju @ Devendra Choubey vs State Of Chhatisgarh on 21 August, 2014"
424,114948236,2014-02-26,Supreme Court of India,"Nanak Ram vs State Of Rajasthan on 26 February, 2014"
425,96421156,2015-12-16,Supreme Court of India,"Bimla Devi vs Rajesh Singh & Anr on 16 December, 2015"
426,125393447,2014-08-06,Supreme Court of India,"Hakkim vs State Tr.Dy.Supdt.Of Police on 6 August, 2014"
427,654412,1992-05-08,Supreme Court of India,"Bhagwan Singh And Anr. Etc vs State Of Punjab Etc on 8 May, 1992"
428,182182965,2019-01-24,Supreme Court of India,"Munishamappa vs State Of Karnataka on 24 January, 2019"
429,35985697,2015-02-26,Supreme Court of India,"Tejram Patil vs State Of Maharashtra on 26 February, 2015"
430,143126799,2023-02-15,Supreme Court of India,"Ajai Alias Ajju vs The State Of Uttar Pradesh on 15 February, 2023"
431,135178053,2021-03-22,Supreme Court of India,"Ramesh Alias Dapinder Singh vs The State Of Himachal Pradesh on 22 March, 2021"
432,47542014,2021-12-17,Supreme Court of India,"Parvati Devi vs The State Of Bihar Now State Of Jharkhand on 17 December, 2021"
433,161810872,2017-04-06,Supreme Court of India,"Devendra Nath Srivastava vs State Of U.P on 6 April, 2017"
434,78983411,2013-01-11,Supreme Court of India,"Raju @ Rajendra & Anr vs State Of Rajasthan on 11 January, 2013"
435,363371,2007-04-24,Supreme Court of India,"Abdulvahab Abdulmajid Shaikh & Ors vs State Of Gujarat on 24 April, 2007"
436,1200534,2008-07-30,Supreme Court of India,"Shivjee Singh & Ors vs State Of Bihar on 30 July, 2008"
437,19482106,2022-01-10,Supreme Court of India,"State By Narcotics Control Bureau vs Pallulabid Ahamad Arimutta on 10 January, 2022"
438,46167,2010-12-16,Supreme Court of India,"Mohammad Mian vs State Of U.P on 16 December, 2010"
439,1792776,1991-08-21,Supreme Court of India,"State Of U.P vs Kapil Deo And Another on 21 August, 1991"
440,81661645,2023-05-18,Supreme Court of India,"Gian Chand vs The State Of Himachal Pradesh on 18 May, 2023"
441,993255,1993-09-14,Supreme Court of India,"Mahadev Bapuji Mahajan (Dead) And ... vs State Of Maharashtra on 14 September, 1993"
442,59231844,2020-05-28,Madras High Court,"Judgment In S.Ganapathy vs . N.Senthilvel [2016 (4)Ctc 119] on 28 May, 2020"
443,178779970,2023-04-28,Supreme Court - Daily Orders,"Santosh @ Bhure vs State(G.N.C.T) Of Delhi on 28 April, 2023"
444,129859128,2022-05-13,Madhya Pradesh High Court,"Ramprakash vs State Of M.P. on 13 May, 2022"
445,8161958,2021-02-18,Kerala High Court,"Muhammed Shafi P vs National Investigation Agency on 18 February, 2021"
446,170053381,2018-05-23,Madhya Pradesh High Court,"Munshilal vs State Of M.P. on 23 May, 2018"
447,150621503,2014-07-16,Bombay High Court,"Sachin Bansilal Ghaiwal vs State Of Maharashtra on 16 July, 2014"
448,175765689,2013-08-22,Punjab-Haryana High Court,"Malkit Singh And Another vs State Of Punjab And Another on 22 August, 2013"
449,193688153,2018-07-04,Chattisgarh High Court,"Ashok Kumar Mishra vs State Of Chhattisgarh 29 Cra/474/2009 ... on 4 July, 2018"
450,42135575,2015-03-12,Gujarat High Court,"Niraj Devnarayan Shukla & 2 vs State Of ... on 12 March, 2015"
451,1895734,1998-03-10,Madras High Court,"Assistant Commissioner Of Income-Tax vs Jawahar Mills Ltd. And Ors. on 10 March, 1998"
452,1042335,1970-08-14,Bombay High Court,"A.H. Satranjiwala vs The State Of Maharashtra on 14 August, 1970"
453,176922161,2022-07-28,Madhya Pradesh High Court,"Awatarsingha And Anr. vs The State Of Madhya Pradesh on 28 July, 2022"
454,153839670,2021-09-28,Madhya Pradesh High Court,"State Of M.P. vs Karulal Dhakad on 28 September, 2021"
455,46709604,2017-03-03,Allahabad High Court,"Hariom Alias Hero vs State Of U.P. on 3 March, 2017"
456,185049528,2019-08-30,Bombay High Court,"Saurabh @ Dabba S/O Vilas Adlag And ... vs State Of Maharashtra, Thr. A.C.P. Ajni ... on 30 August, 2019"
457,914739,2003-05-20,Gujarat High Court,"Vahaji Ravaji Thakore vs State Of Gujarat on 20 May, 2003"
458,1364051,2009-09-02,Punjab-Haryana High Court,"Ram Chander Son Of Prabhu Dayal And ... vs State Of Haryana on 2 September, 2009"
459,75059771,2017-11-14,Madhya Pradesh High Court,"Kartar Singh vs State Of M.P. on 14 November, 2017"
460,11675438,2018-08-21,Madhya Pradesh High Court,"Hakam Singh vs The State Of M.P. on 21 August, 2018"
461,92860327,2018-03-21,Chattisgarh High Court,"Raju @ Manharan Sahu vs State Of Chhattisgarh 70 Cra/32/2012 ... on 21 March, 2018"
462,147459300,2017-07-04,Andhra HC (Pre-Telangana),"Nakka Sreenivasa Rao @ ... vs State Of A.P., Reptd By Public ... on 4 July, 2017"
463,61080388,2015-02-27,Delhi High Court,"Ahesan Abbas @ Monu vs State on 27 February, 2015"
464,192086531,2010-09-20,Delhi High Court,"Lalit Kumar @ Sonu vs State Of Nct Of Delhi on 20 September, 2010"
465,1401096,2010-01-13,Kerala High Court,"Puthenpurayil Nathankandy Sathyan vs State Of Kerala on 13 January, 2010"
466,1555820,1997-09-19,Bombay High Court,"Audumbar Manohar Randive & Others vs The State Of Maharashtra & Others on 19 September, 1997"
467,1240635,2009-02-11,Punjab-Haryana High Court,"<b>Crl</b>. <b>Appeal</b> No.99-Sb Of 2007 vs State Of Haryana on 11 February, 2009"
468,1214746,1974-07-31,Jammu & Kashmir High Court,"State Of Kerala vs Mammu Musaliar And Ors. on 31 July, 1974"
469,106412,1984-05-02,Gujarat High Court,"Union Of India vs Abdulkadar Abdulgani Hasmani on 2 May, 1984"
470,45299,1974-02-12,Bombay High Court,"Bombay Cycle And Motor Agency Ltd. vs Bhagwanprasad Ramragubir Pandey on 12 February, 1974"
471,74006,1922-10-11,Madras High Court,"K. Kunhammad Haji vs Emperor on 11 October, 1922"
472,102778545,2022-07-14,Madhya Pradesh High Court,"Mrinal Sharma vs The State Of Madhya Pradesh on 14 July, 2022"
473,146257857,2019-01-24,Madhya Pradesh High Court,"Nagesh vs The State Of Madhya Pradesh on 24 January, 2019"
474,67916492,2017-11-18,Madhya Pradesh High Court,"Rajjan vs The State Of Madhya Pradesh Thr. on 18 November, 2017"
475,146193930,2018-07-09,Telangana High Court,"Nilesh Vinayak Ghodke A10, Maharashtra ... vs The State Of A.P., Rep.By Pp., High ... on 9 July, 2018"
476,117500520,2012-04-17,Punjab-Haryana High Court,"Sushil @ Sunil @ Sheelu vs State Of Haryana on 17 April, 2012"
477,2823640,2011-04-07,Madhya Pradesh High Court,"Ramkali Khare vs The State Of M.P on 7 April, 2011"
478,175943739,2009-08-17,Delhi High Court,"Vinod Kumar Sahadev vs Union Of India & Ors. on 17 August, 2009"
479,1819736,2008-11-10,Punjab-Haryana High Court,"Piara Ram Son Of Som Nath vs The State Of Punjab on 10 November, 2008"
480,149995986,2013-09-05,Punjab-Haryana High Court,"Balwinder Kaur And Another vs The State Of Punjab on 5 September, 2013"
481,132792851,2022-06-22,Madhya Pradesh High Court,"Sunil vs The State Of Madhya Pradesh on 22 June, 2022"
482,18998479,2017-11-24,Madhya Pradesh High Court,"Ram Kripal Singh & Ors. vs The State Of M.P. on 24 November, 2017"
483,135091793,2018-05-17,Madhya Pradesh High Court,"Brijmohan And Others vs State Of M.P. on 17 May, 2018"
484,8845856,2017-12-05,Punjab-Haryana High Court,"Jasvir Singh And Anr vs State Of Punjab on 5 December, 2017"
485,7776498,2017-01-09,Punjab-Haryana High Court,"Jaspal Singh@ Jagpal Singh @Kala vs State Of Punjab on 9 January, 2017"
486,47193299,2017-01-30,Patna High Court - Orders,"Ubed vs The State Of Bihar on 30 January, 2017"
487,128307550,2012-07-13,Kerala High Court,"Vijayan Pillai vs State Of Kerala on 13 July, 2012"
488,53046817,2012-09-13,Madhya Pradesh High Court,"Chhedilal & Ors. vs The State Of M.P on 13 September, 2012"
489,41936963,2014-02-11,Bombay High Court,"Kamlakar Devidas Patil vs The State Of Maharashtra on 11 February, 2014"
490,111562024,2008-12-15,Punjab-Haryana High Court,"Mam Chand And Others vs State Of Haryana on 15 December, 2008"
491,1626848,2009-01-20,Punjab-Haryana High Court,"Ganesh Son Of Kapil Dev vs The State Of Haryana on 20 January, 2009"
492,1793235,2000-03-20,Karnataka High Court,"Dr. K.G. Ramachandra Gupta And Another vs Dr. G. Adinarayana on 20 March, 2000"
493,1840641,1980-12-19,Gujarat High Court,"Kamleshkumar Babulal Patel vs State Of Gujarat And Anr. on 19 December, 1980"
494,1884717,1980-09-03,Patna High Court,"State Of Bihar vs Ram Bachan Singh And Ors. on 3 September, 1980"
495,78608833,2019-04-11,Madhya Pradesh High Court,"Kamlesh vs The State Of Madhya Pradesh on 11 April, 2019"
496,32601500,2020-02-14,Bombay High Court,"Rohi @ Satish Kalya @ Satish Tangapan ... vs The Central Bureau Of Investigation And ... on 14 February, 2020"
497,46141240,2018-12-24,Madhya Pradesh High Court,"Anil Bhargav vs The State Of Madhya Pradesh on 24 December, 2018"
498,118694754,2012-03-22,Punjab-Haryana High Court,"Manpreet Kaur vs State Of Punjab on 22 March, 2012"
499,151864836,2012-07-10,Madhya Pradesh High Court,"Deena Nath Mishra vs The State Of Madhya Pradesh on 10 July, 2012"
500,77319159,2014-11-10,Madhya Pradesh High Court,"Yogesh Sunare vs The State Of Madhya Pradesh on 10 November, 2014"
501,114721209,2013-04-02,Punjab-Haryana High Court,"Bakshish Singh Alias Pappu vs State Of Punjab on 2 April, 2013"
502,182600590,2013-09-11,Punjab-Haryana High Court,"Malkiat Singh & Others vs State Of Haryana on 11 September, 2013"
503,182249522,2013-08-22,Punjab-Haryana High Court,"Shaukat Ali vs State Of Haryana on 22 August, 2013"
504,143351427,2014-05-07,Madhya Pradesh High Court,"Rinku @ Rajesh Kumar Verma vs The State Of M.P. Judgement Given By: ... on 7 May, 2014"
505,62058953,2015-03-17,Madhya Pradesh High Court,"Rehman & Ors. vs State Of M.P. on 17 March, 2015"
506,1334076,2011-08-03,Delhi High Court,"Mohd Mussabir & Anr vs State & Anr on 3 August, 2011"
507,160226863,2012-09-14,Madhya Pradesh High Court,"The State Of M.P. vs Veeru @ Ram Chandra & Ors on 14 September, 2012"
